adm4_pcode,indicator,value,unit,as_of_date,source_id,note
MOCK-P1-D1-L1-W01,population_total,4200,persons,2021-06-22,census-2021-mock,
MOCK-P1-D1-L1-W01,households_total,850,households,2021-06-22,census-2021-mock,
MOCK-P1-D1-L1-W01,houses_total,850,count,2021-06-22,census-2021-mock,
MOCK-P1-D1-L1-W01,houses_mud_bonded,500,count,2021-06-22,census-2021-mock,
MOCK-P1-D1-L1-W01,houses_cement_bonded,350,count,2021-06-22,census-2021-mock,
MOCK-P1-D1-L1-W01,businesses_total,120,count,2018-01-01,economic-census-2018-mock,
MOCK-P1-D1-L1-W01,persons_engaged_total,240,persons,2018-01-01,economic-census-2018-mock,
MOCK-P1-D1-L1-W01,schools_total,3,count,2024-01-10,school-census-mock,
MOCK-P1-D1-L1-W01,school_enrollment_total,600,students,2024-01-10,school-census-mock,
MOCK-P1-D1-L1-W01,health_facilities_total,1,count,2024-01-10,dohs-hmis-mock,
MOCK-P1-D1-L1-W01,road_km_local,8.5,km,2024-01-10,dor-road-inventory-mock,
MOCK-P1-D1-L1-W01,bridges_total,2,count,2024-01-10,dor-road-inventory-mock,
MOCK-P1-D1-L1-W01,irrigation_structures_total,4,count,2024-01-10,dor-road-inventory-mock,
MOCK-P1-D1-L1-W01,cropland_hectares,150,hectares,2024-01-10,dor-road-inventory-mock,
MOCK-P1-D1-L1-W02,population_total,3100,persons,2021-06-22,census-2021-mock,
MOCK-P1-D1-L1-W02,households_total,610,households,2021-06-22,census-2021-mock,
MOCK-P1-D1-L1-W02,houses_total,610,count,2021-06-22,census-2021-mock,
MOCK-P1-D1-L1-W02,houses_mud_bonded,430,count,2021-06-22,census-2021-mock,
MOCK-P1-D1-L1-W02,houses_cement_bonded,180,count,2021-06-22,census-2021-mock,
MOCK-P1-D1-L1-W02,businesses_total,75,count,2018-01-01,economic-census-2018-mock,
MOCK-P1-D1-L1-W02,persons_engaged_total,150,persons,2018-01-01,economic-census-2018-mock,
MOCK-P1-D1-L1-W02,schools_total,2,count,2024-01-10,school-census-mock,
MOCK-P1-D1-L1-W02,school_enrollment_total,410,students,2024-01-10,school-census-mock,
MOCK-P1-D1-L1-W02,health_facilities_total,1,count,2024-01-10,dohs-hmis-mock,
MOCK-P1-D1-L1-W02,road_km_local,6.0,km,2024-01-10,dor-road-inventory-mock,
MOCK-P1-D1-L1-W02,bridges_total,1,count,2024-01-10,dor-road-inventory-mock,
MOCK-P1-D1-L1-W02,irrigation_structures_total,3,count,2024-01-10,dor-road-inventory-mock,
MOCK-P1-D1-L1-W02,cropland_hectares,95,hectares,2024-01-10,dor-road-inventory-mock,
MOCK-P1-D1-L1-W03,population_total,5400,persons,2021-06-22,census-2021-mock,
MOCK-P1-D1-L1-W03,households_total,1020,households,2021-06-22,census-2021-mock,
MOCK-P1-D1-L1-W03,houses_total,1020,count,2021-06-22,census-2021-mock,
MOCK-P1-D1-L1-W03,houses_mud_bonded,300,count,2021-06-22,census-2021-mock,
MOCK-P1-D1-L1-W03,houses_cement_bonded,700,count,2021-06-22,census-2021-mock,
MOCK-P1-D1-L1-W03,houses_rcc_frame,20,count,2021-06-22,census-2021-mock,
MOCK-P1-D1-L1-W03,businesses_total,210,count,2018-01-01,economic-census-2018-mock,
MOCK-P1-D1-L1-W03,persons_engaged_total,430,persons,2018-01-01,economic-census-2018-mock,
MOCK-P1-D1-L1-W03,schools_total,4,count,2024-01-10,school-census-mock,
MOCK-P1-D1-L1-W03,school_enrollment_total,890,students,2024-01-10,school-census-mock,
MOCK-P1-D1-L1-W03,health_facilities_total,2,count,2024-01-10,dohs-hmis-mock,
MOCK-P1-D1-L1-W03,road_km_local,11.2,km,2024-01-10,dor-road-inventory-mock,
MOCK-P1-D1-L1-W03,bridges_total,3,count,2024-01-10,dor-road-inventory-mock,
MOCK-P1-D1-L1-W03,irrigation_structures_total,6,count,2024-01-10,dor-road-inventory-mock,
MOCK-P1-D1-L1-W03,cropland_hectares,210,hectares,2024-01-10,dor-road-inventory-mock,
