event_id,adm4_pcode,indicator,value,unit,report_date,source_id,verification_level,confidence_note
EXAMPLE-2024-09-sample-event,MOCK-P1-D1-L1-W01,houses_destroyed,40,count,2024-09-20,neoc-sitrep-14,verified_official,
EXAMPLE-2024-09-sample-event,MOCK-P1-D1-L1-W01,houses_partially_damaged,120,count,2024-09-20,neoc-sitrep-14,verified_official,
EXAMPLE-2024-09-sample-event,MOCK-P1-D1-L1-W01,households_displaced,160,households,2024-09-20,neoc-sitrep-14,verified_official,
EXAMPLE-2024-09-sample-event,MOCK-P1-D1-L1-W01,deaths,2,persons,2024-09-20,neoc-sitrep-14,verified_official,
EXAMPLE-2024-09-sample-event,MOCK-P1-D1-L1-W01,injured,5,persons,2024-09-20,neoc-sitrep-14,verified_official,
EXAMPLE-2024-09-sample-event,MOCK-P1-D1-L1-W01,displaced_persons,610,persons,2024-09-20,neoc-sitrep-14,verified_official,
EXAMPLE-2024-09-sample-event,MOCK-P1-D1-L1-W01,schools_damaged,1,count,2024-09-22,neoc-sitrep-14,verified_official,
EXAMPLE-2024-09-sample-event,MOCK-P1-D1-L1-W01,students_affected,90,students,2024-09-22,neoc-sitrep-14,cluster_estimate,
EXAMPLE-2024-09-sample-event,MOCK-P1-D1-L1-W01,road_km_damaged,2.1,km,2024-09-25,shelter-cluster-rapid-2024-09-25,cluster_estimate,
EXAMPLE-2024-09-sample-event,MOCK-P1-D1-L1-W01,businesses_damaged,15,count,2024-09-25,shelter-cluster-rapid-2024-09-25,cluster_estimate,
EXAMPLE-2024-09-sample-event,MOCK-P1-D1-L1-W01,workers_affected,30,persons,2024-09-25,shelter-cluster-rapid-2024-09-25,cluster_estimate,
EXAMPLE-2024-09-sample-event,MOCK-P1-D1-L1-W02,houses_destroyed,15,count,2024-09-20,neoc-sitrep-14,verified_official,
EXAMPLE-2024-09-sample-event,MOCK-P1-D1-L1-W02,houses_partially_damaged,60,count,2024-09-20,neoc-sitrep-14,verified_official,
EXAMPLE-2024-09-sample-event,MOCK-P1-D1-L1-W02,households_displaced,70,households,2024-09-20,neoc-sitrep-14,verified_official,
EXAMPLE-2024-09-sample-event,MOCK-P1-D1-L1-W02,injured,1,persons,2024-09-20,neoc-sitrep-14,verified_official,
EXAMPLE-2024-09-sample-event,MOCK-P1-D1-L1-W02,displaced_persons,260,persons,2024-09-20,neoc-sitrep-14,verified_official,
EXAMPLE-2024-09-sample-event,MOCK-P1-D1-L1-W02,students_affected,40,students,2024-09-22,neoc-sitrep-14,cluster_estimate,
EXAMPLE-2024-09-sample-event,MOCK-P1-D1-L1-W02,road_km_damaged,0.8,km,2024-09-25,shelter-cluster-rapid-2024-09-25,cluster_estimate,
EXAMPLE-2024-09-sample-event,MOCK-P1-D1-L1-W02,businesses_damaged,5,count,2024-09-25,shelter-cluster-rapid-2024-09-25,cluster_estimate,
EXAMPLE-2024-09-sample-event,MOCK-P1-D1-L1-W02,workers_affected,10,persons,2024-09-25,shelter-cluster-rapid-2024-09-25,cluster_estimate,
EXAMPLE-2024-09-sample-event,MOCK-P1-D1-L1-W03,houses_destroyed,5,count,2024-09-20,neoc-sitrep-14,verified_official,
EXAMPLE-2024-09-sample-event,MOCK-P1-D1-L1-W03,houses_partially_damaged,30,count,2024-09-20,neoc-sitrep-14,verified_official,
EXAMPLE-2024-09-sample-event,MOCK-P1-D1-L1-W03,households_displaced,35,households,2024-09-20,neoc-sitrep-14,verified_official,
EXAMPLE-2024-09-sample-event,MOCK-P1-D1-L1-W03,displaced_persons,110,persons,2024-09-20,neoc-sitrep-14,verified_official,
EXAMPLE-2024-09-sample-event,MOCK-P1-D1-L1-W03,road_km_damaged,0.3,km,2024-09-25,shelter-cluster-rapid-2024-09-25,cluster_estimate,
EXAMPLE-2024-09-sample-event,MOCK-P1-D1-L1-W03,businesses_damaged,2,count,2024-09-25,shelter-cluster-rapid-2024-09-25,cluster_estimate,
EXAMPLE-2024-09-sample-event,MOCK-P1-D1-L1-W03,workers_affected,8,persons,2024-09-25,shelter-cluster-rapid-2024-09-25,cluster_estimate,
EXAMPLE-2024-09-sample-event,MOCK-P1-D1-L1-W02,health_facilities_damaged,1,count,2024-09-19,unverified-local-report-mock,unverified,Unconfirmed local report pending official confirmation -- illustrates the unverified-flag warning; not included in published totals.
